{"weighted_precision": 0.7232034577979121, "weighted_recall": 0.6072463768115942, "weighted_fscore": 0.5443263569964445, "_runtime": 472, "_timestamp": 1619634690, "_step": 0}