{"weighted_precision": 0.7087510573656282, "weighted_recall": 0.6666666666666666, "weighted_fscore": 0.6546484545302149, "_runtime": 2585, "_timestamp": 1619631986, "_step": 0}