{"weighted_precision": 0.6425556030568748, "weighted_recall": 0.5971014492753624, "weighted_fscore": 0.5567809361586864, "_runtime": 55, "_timestamp": 1619707548, "_step": 0}