{"weighted_precision": 0.7450260082951249, "weighted_recall": 0.6492753623188406, "weighted_fscore": 0.5930034499811978, "_runtime": 454, "_timestamp": 1619644171, "_step": 0}