{"weighted_precision": 0.7136276779912448, "weighted_recall": 0.6753623188405797, "weighted_fscore": 0.6575740073105767, "_runtime": 434, "_timestamp": 1619628651, "_step": 0}