{"weighted_precision": 0.7075538291283798, "weighted_recall": 0.7014492753623188, "weighted_fscore": 0.7009059576136534, "_runtime": 161, "_timestamp": 1622803891, "_step": 0}