{"weighted_precision": 0.7260041815346447, "weighted_recall": 0.6768115942028985, "weighted_fscore": 0.6575319210928974, "_runtime": 465, "_timestamp": 1619547313, "_step": 0}