{"weighted_precision": 0.7089643032188573, "weighted_recall": 0.5971014492753624, "weighted_fscore": 0.5386720199605219, "_runtime": 455, "_timestamp": 1619633953, "_step": 0}