{"weighted_precision": 0.7278006479058227, "weighted_recall": 0.726086956521739, "weighted_fscore": 0.7259245095323095, "_runtime": 166, "_timestamp": 1619535461, "_step": 0}