{"weighted_precision": 0.7189603547727854, "weighted_recall": 0.7144927536231883, "weighted_fscore": 0.7147282745361793, "_runtime": 191, "_timestamp": 1619546428, "_step": 0}