{"weighted_precision": 0.6796900863788576, "weighted_recall": 0.6710144927536231, "weighted_fscore": 0.6688980621541335, "_runtime": 184, "_timestamp": 1619544948, "_step": 0}