{"weighted_precision": 0.7374361413474062, "weighted_recall": 0.691304347826087, "weighted_fscore": 0.6650297830947297, "_runtime": 412, "_timestamp": 1619611801, "_step": 0}