{"weighted_precision": 0.6991316804175751, "weighted_recall": 0.5434782608695652, "weighted_fscore": 0.41689109874856, "_runtime": 268, "_timestamp": 1619632480, "_step": 0}