{"weighted_precision": 0.7153419969080433, "weighted_recall": 0.6347826086956522, "weighted_fscore": 0.5901974970090057, "_runtime": 452, "_timestamp": 1619633140, "_step": 0}