{"weighted_precision": 0.6425556030568748, "weighted_recall": 0.5971014492753624, "weighted_fscore": 0.5567809361586864, "_runtime": 108, "_timestamp": 1619535828, "_step": 0}